filename,delta_quat_x,delta_quat_y,delta_quat_z,delta_quat_w,delta_pos_x,delta_pos_y,delta_pos_z
train/batch_0/pts_0000.ply,0.04106422258616146,0.027623977444796798,-0.0001519776119670872,0.998774560346993,0.18985836,0.09944573,-0.49220824
train/batch_0/pts_0001.ply,-0.03119322566200436,-0.0223923380412366,-0.01117074173538715,0.9992000702556658,0.077852175,-0.075688176,-0.010314435
train/batch_0/pts_0002.ply,-0.04869396680854691,-0.0033330265969948483,0.04071607571478733,0.9979779505122043,0.014207095,0.037198972,-0.005507678
train/batch_0/pts_0003.ply,0.00503683884376402,-0.003157757465930825,0.07925140873295747,0.9968369340248635,-0.03540063,0.09585069,0.0025081933
train/batch_0/pts_0004.ply,-0.010995115199854594,-0.02362642290038727,0.021902833791802332,0.9994204147677607,-0.010428637,0.14414434,-0.018274754
train/batch_0/pts_0005.ply,0.0012831591542932098,0.07475676867589898,0.07453496588147283,0.9944115435275129,-0.060458854,0.15128008,-0.011681557
