filename,delta_quat_x,delta_quat_y,delta_quat_z,delta_quat_w,delta_pos_x,delta_pos_y,delta_pos_z
train/batch_1/pts_0000.ply,-0.01380467420636168,0.021278551585773128,0.060048040734331454,0.9978731818304548,-1.5722489,1.5460795,-0.47702885
train/batch_1/pts_0001.ply,0.007807486206729854,-0.041733241081682186,0.12358703536945419,0.9914250473114643,-0.05134499,0.069499254,0.0049372315
train/batch_1/pts_0002.ply,-0.030992885591593255,0.04455498395896963,0.13728356295997154,0.9890437390672558,-0.059351444,0.1029048,-0.0043254197
train/batch_1/pts_0003.ply,0.029626464681560553,-0.019929727196396175,0.003849045234086115,0.9993549236458164,-0.1065464,0.11222947,-0.015586257
train/batch_1/pts_0004.ply,0.0013386353865881876,-0.009526456294578326,-0.01725661628655606,0.9998048128910502,-0.20421839,0.12306261,0.0056388974
train/batch_1/pts_0005.ply,-0.029653754664826094,-0.0190493119072952,0.06840463173455456,0.9970348965344177,-0.19864583,0.14983541,-0.03492117
